{"homography": [[-22.43260519368429, 16.04666153832709, 1147.5048107384127], [-18.836154933506307, 13.392108141231711, 1000.7987850159885], [-0.018045236071923192, 0.01248143901698743, 0.9999999999999999]], "calibration_circle_pos": [[48.0, 48.0], [480.0, 48.0], [960.0, 48.0], [1440.0, 48.0], [1872.0, 48.0], [1872.0, 273.0], [1872.0, 523.0], [1440.0, 523.0], [960.0, 523.0], [480.0, 523.0], [48.0, 523.0], [48.0, 773.0], [48.0, 998.0], [480.0, 998.0], [960.0, 998.0], [1440.0, 998.0], [1872.0, 998.0]], "calibration_eye_pos": [[237.5, 260.5], [237.5, 260.5], [237.5, 260.5], [237.5, 260.5], [237.5, 260.5], [149.5, 133.5], [244.0, 258.0], [244.0, 258.0], [147.5, 137.5], [243.5, 259.5], [243.5, 259.5], [243.5, 259.5], [243.5, 259.5], [238.5, 256.5], [146.0, 135.0], [259.5, 266.0], [156.0, 140.5]]}